﻿<?xml version="1.0" encoding="UTF-8" ?>
<?xml-stylesheet href="1.css"?>
<?xml-stylesheet type="text/xsl" href="receta.xsl"?>
<receta>
	<ingredientes>
		<ingrediente>Pan de pita</ingrediente>
		<ingrediente>Pollo         </ingrediente>
		<ingrediente>Pimiento rojo</ingrediente>
		<ingrediente>cebolla</ingrediente>
		<ingrediente>tomate</ingrediente>
	</ingredientes>
	<pasos>
		<paso>Hacer un sofrito con el pimiento, cebolla y tomate</paso>
		<paso>Añadir al sofrito el pollo</paso>
		<paso>Hornear pan de pita</paso>
		<paso>Hechar la mezcla de pollo y sofrito en el pan</paso>
		<paso>Enrollar el pan</paso>
	</pasos>
	<resultado>
		<FOTO>rollito.jpg</FOTO>
	</resultado>
</receta>
